TDSFU Daily run: Mon Oct 27 16:16:19 UTC 2025 TDSFU
TDSFU Daily run: Tue Oct 28 04:36:36 UTC 2025 TDSFU
TDSFU Daily run: Wed Oct 29 04:41:59 UTC 2025 TDSFU
TDSFU Daily run: Thu Oct 30 04:35:55 UTC 2025 TDSFU
TDSFU Daily run: Fri Oct 31 04:38:52 UTC 2025 TDSFU
TDSFU Daily run: Sat Nov  1 04:33:23 UTC 2025 TDSFU
TDSFU Daily run: Sun Nov  2 04:35:57 UTC 2025 TDSFU
TDSFU Daily run: Mon Nov  3 04:42:52 UTC 2025 TDSFU
TDSFU Daily run: Tue Nov  4 04:36:52 UTC 2025 TDSFU
TDSFU Daily run: Wed Nov  5 04:37:13 UTC 2025 TDSFU
TDSFU Daily run: Thu Nov  6 04:42:13 UTC 2025 TDSFU
TDSFU Daily run: Fri Nov  7 04:36:12 UTC 2025 TDSFU
TDSFU Daily run: Sat Nov  8 04:35:01 UTC 2025 TDSFU
TDSFU Daily run: Sun Nov  9 04:35:23 UTC 2025 TDSFU
TDSFU Daily run: Mon Nov 10 04:41:35 UTC 2025 TDSFU
TDSFU Daily run: Tue Nov 11 04:39:07 UTC 2025 TDSFU
TDSFU Daily run: Wed Nov 12 04:39:06 UTC 2025 TDSFU
TDSFU Daily run: Thu Nov 13 04:40:29 UTC 2025 TDSFU
